1;389;12 Angry Men;38.046;['Drama'];The defense and the prosecution have rested and the jury is filing into the jury room to decide if a young Spanish-American is guilty or innocent of murdering his father. What begins as an open and shut case soon becomes a mini-drama of each of the jurors' prejudices and preconceptions about the trial, the accused, and each other.;8.528;6881;1957-04-10;1000000;350000;None;en;['United Artists', 'Orion-Nova Productions']
2;62;2001: A Space Odyssey;52.031;['Science Fiction', 'Mystery', 'Adventure'];Humanity finds a mysterious object buried beneath the lunar surface and sets off to find its origins with the help of HAL 9000, the world's most advanced super computer.;8.079;9810;1968-04-02;71923560;12000000;The Space Odyssey Series;en;['Metro-Goldwyn-Mayer', 'Stanley Kubrick Productions']
3;20453;3 Idiots;25.926;['Drama', 'Comedy'];"Rascal. Joker. Dreamer. Genius... You've never met a college student quite like ""Rancho."" From the moment he arrives at India's most prestigious university, Rancho's outlandish schemes turn the campus upside down—along with the lives of his two newfound best friends. Together, they make life miserable for ""Virus,"" the school’s uptight and heartless dean. But when Rancho catches the eye of the dean's sexy daughter, Virus sets his sights on flunking out the ""3 idiots"" once and for all.";7.97;1962;2009-12-23;70000000;9000000;None;hi;['Vidhu Vinod Chopra Productions', 'Vinod Chopra Films']
4;453;A Beautiful Mind;34.975;['Drama', 'Romance'];John Nash is a brilliant but asocial mathematician fighting schizophrenia. After he accepts secret work in cryptography, his life takes a turn for the nightmarish.;7.851;8919;2001-12-11;313542341;60000000;None;en;['DreamWorks Pictures', 'Imagine Entertainment', 'Universal Pictures']
5;185;A Clockwork Orange;48.772;['Science Fiction', 'Drama'];In a near-future Britain, young Alexander DeLarge and his pals get their kicks beating and raping anyone they please. When not destroying the lives of others, Alex swoons to the music of Beethoven. The state, eager to crack down on juvenile crime, gives an incarcerated Alex the option to undergo an invasive procedure that'll rob him of all personal agency. In a time when conscience is a commodity, can Alex change his tune?;8.222;11174;1971-12-19;26589000;2200000;None;en;['Hawk Films', 'Warner Bros. Pictures']
6;702;A Streetcar Named Desire;15.69;['Drama'];A fading southern belle tries to build a new life with her sister in New Orleans.;7.7;1128;1951-09-18;8000000;1800000;None;en;['Warner Bros. Pictures', 'Charles K. Feldman Group']
7;348;Alien;48.808;['Horror', 'Science Fiction'];During its return to the earth, commercial spaceship Nostromo intercepts a distress signal from a distant planet. When a three-member team of the crew discovers a chamber containing thousands of eggs on the planet, a creature inside one of the eggs attacks an explorer. The entire crew is unaware of the impending nightmare set to descend upon them when the alien parasite planted inside its unfortunate host is birthed.;8.136;12318;1979-05-25;104931801;11000000;Alien Collection;en;['20th Century Fox', 'Brandywine Productions']
8;705;All About Eve;14.665;['Drama'];From the moment she glimpses her idol at the stage door, Eve Harrington is determined to take the reins of power away from the great actress Margo Channing. Eve maneuvers her way into Margo's Broadway role, becomes a sensation and even causes turmoil in the lives of Margo's director boyfriend, her playwright and his wife. Only the cynical drama critic sees through Eve, admiring her audacity and perfect pattern of deceit.;8.161;1274;1950-10-06;8400000;1400000;None;en;['20th Century Fox']
9;143;All Quiet on the Western Front;23.281;['Drama', 'War'];A young soldier faces profound disillusionment in the soul-destroying horror of World War I. Together with several other young German soldiers, he experiences the horrors of war, such evil of which he had not conceived of when signing up to fight. They eventually become sad, tormented, and confused of their purpose.;7.774;603;1930-04-29;3270000;1448864;None;en;['Universal Pictures']
10;279;Amadeus;22.899;['History', 'Music', 'Drama'];Wolfgang Amadeus Mozart is a remarkably talented young Viennese composer who unwittingly finds a fierce rival in the disciplined and determined Antonio Salieri. Resenting Mozart for both his hedonistic lifestyle and his undeniable talent, the highly religious Salieri is gradually consumed by his jealousy and becomes obsessed with Mozart's downfall, leading to a devious scheme that has dire consequences for both men.;8.0;3543;1984-09-19;51973029;18000000;None;en;['AMLF', 'The Saul Zaentz Company']
11;14;American Beauty;61.758;['Drama'];Lester Burnham, a depressed suburban father in a mid-life crisis, decides to turn his hectic life around after developing an infatuation with his daughter's attractive friend.;8.032;10676;1999-09-15;356296601;15000000;None;en;['DreamWorks Pictures', 'Jinks/Cohen Company']
12;73;American History X;45.36;['Drama'];Derek Vineyard is paroled after serving 3 years in prison for killing two African-American men. Through his brother, Danny Vineyard's narration, we learn that before going to prison, Derek was a skinhead and the leader of a violent white supremacist gang that committed acts of racial crime throughout L.A. and his actions greatly influenced Danny. Reformed and fresh out of prison, Derek severs contact with the gang and becomes determined to keep Danny from going down the same violent path as he did.;8.362;10042;1998-07-01;23875127;20000000;None;en;['New Line Cinema', 'The Turman-Morrissey Company', 'Savoy Pictures']
13;55;Amores perros;40.691;['Drama', 'Thriller'];Sending shock waves through the Mexican film industry and the world, this blistering feature debut from Alejandro G. Iñárritu brought the director’s electrifying visual style and bravura multistrand storytelling to the screen with the heart-stopping impact of a primal scream. In Mexico City, the lives of three strangers—a young man mixed up in the gritty underworld of dogfighting, a glamorous woman who seems to have it all, and a mysterious assassin who is desperate to reconnect with his estranged daughter—collide in a tragic twist of fate that forever alters their personal journeys. A tour de force of violence and emotion captured in a rush of kinetic handheld camera work, Amores perros is an unforgettable plunge into a world of brutality and aching, interconnected humanity.;7.622;2146;2000-06-16;20908467;2000000;None;es;['Altavista Films', 'Zeta Film (MX)']
14;93;Anatomy of a Murder;29.949;['Crime', 'Drama', 'Mystery', 'Thriller'];A virtuoso James Stewart plays a small-town Michigan lawyer who takes on a difficult case: the defense of a young army lieutenant (Ben Gazzara) accused of murdering a local tavern owner who he believes raped his wife (Lee Remick). This gripping envelope-pusher, the most popular film by Hollywood provocateur Otto Preminger, was groundbreaking for the frankness of its discussion of sex—but more than anything else, it is a striking depiction of the power of words. Featuring an outstanding supporting cast—with a young George C. Scott as a fiery prosecutor and the legendary attorney Joseph N. Welch as the judge—and an influential score by Duke Ellington, Anatomy of a Murder is an American movie landmark, nominated for seven Oscars, including best picture.;7.859;766;1959-07-01;8000000;2000000;None;en;['Columbia Pictures']
15;703;Annie Hall;15.291;['Comedy', 'Drama', 'Romance'];New York comedian Alvy Singer falls in love with the ditsy Annie Hall.;7.773;3339;1977-04-19;38251425;4000000;None;en;['United Artists', 'Rollins-Joffe Productions']
16;28;Apocalypse Now;57.849;['Drama', 'War'];"At the height of the Vietnam war, Captain Benjamin Willard is sent on a dangerous mission that, officially, ""does not exist, nor will it ever exist."" His goal is to locate - and eliminate - a mysterious Green Beret Colonel named Walter Kurtz, who has been leading his personal army on illegal guerrilla missions into enemy territory.";8.284;6895;1979-08-15;150000000;31500000;None;en;['United Artists', 'American Zoetrope']
17;212;Arsenic and Old Lace;11.772;['Comedy', 'Crime'];"Mortimer Brewster, a newspaper drama critic, playwright, and author known for his diatribes against marriage, suddenly falls in love and gets married;  but when he makes a quick trip home to tell his two maiden aunts, he finds out his aunts' hobby - killing lonely old men and burying them in the cellar!";7.611;740;1944-09-01;0;1120175;None;en;['Warner Bros. Pictures']
18;105;Back to the Future;62.281;['Adventure', 'Comedy', 'Science Fiction'];Eighties teenager Marty McFly is accidentally sent back in time to 1955, inadvertently disrupting his parents' first meeting and attracting his mother's romantic interest. Marty must repair the damage to history by rekindling his parents' romance and - with the help of his eccentric inventor friend Doc Brown - return to 1985.;8.307;17291;1985-07-03;381109762;19000000;Back to the Future Collection;en;['Universal Pictures', 'Amblin Entertainment']
19;3175;Barry Lyndon;17.995;['Drama', 'Romance', 'War'];An Irish rogue uses his cunning and wit to work his way up the social classes of 18th century England, transforming himself from the humble Redmond Barry into the noble Barry Lyndon.;8.003;2337;1975-11-26;198992;11000000;None;en;['Hawk Films', 'Warner Bros. Pictures', 'Peregrine']
20;272;Batman Begins;53.062;['Action', 'Crime', 'Drama'];Driven by tragedy, billionaire Bruce Wayne dedicates his life to uncovering and defeating the corruption that plagues his home, Gotham City.  Unable to work within the system, he instead creates a new identity, a symbol of fear for the criminal underworld - The Batman.;7.692;18490;2005-06-10;374218673;150000000;The Dark Knight Collection;en;['Warner Bros. Pictures', 'DC Comics', 'Legendary Pictures', 'Syncopy', 'Patalex III Productions Limited']
21;10020;Beauty and the Beast;68.859;['Romance', 'Family', 'Animation', 'Fantasy'];Follow the adventures of Belle, a bright young woman who finds herself in the castle of a prince who's been turned into a mysterious beast. With the help of the castle's enchanted staff, Belle soon learns the most important lesson of all -- that true beauty comes from within.;7.733;8769;1991-10-22;424967620;25000000;Beauty and the Beast Collection;en;['Walt Disney Pictures', 'Silver Screen Partners IV', 'Walt Disney Feature Animation']
22;76;Before Sunrise;38.013;['Drama', 'Romance'];On his way to Vienna, American Jesse meets Céline, a student returning to Paris. After long conversations forge a surprising connection between them, Jesse convinces Celine to get off the train with him in Vienna. Since his flight to the U.S. departs the next morning and he has no money for lodging, they wander the city together, taking in the experiences of Vienna and each other.;7.961;3382;1995-01-27;5987386;2500000;Before... Collection;en;['Castle Rock Entertainment', 'Detour Filmproduction', 'Filmhaus Films']
23;665;Ben-Hur;24.27;['Action', 'Drama', 'History'];In 25 AD,Judah Ben-Hur, a Jew in ancient Judea, opposes the occupying Roman empire.  Falsely accused by a Roman childhood friend-turned-overlord of trying to kill the Roman governor, he is put into slavery and his mother and sister are taken away as prisoners.  Three years later and freed by a grateful Roman galley commander whom he has rescued from drowning, he becomes an expert charioteer for Rome, all the while plotting to return to Judea, find and rescue his family, and avenge himself on his former friend.  All the while, the form and work of Jesus move in the background of his life...;7.844;2232;1959-11-18;164000000;15000000;None;en;['Metro-Goldwyn-Mayer']
24;44214;Black Swan;34.156;['Drama', 'Thriller', 'Horror'];A journey through the psyche of a young ballerina whose starring role as the duplicitous swan queen turns out to be a part for which she becomes frighteningly perfect.;7.7;12832;2010-12-03;329398046;13000000;None;en;['Fox Searchlight Pictures', 'Cross Creek Pictures']
25;78;Blade Runner;59.852;['Science Fiction', 'Drama', 'Thriller'];In the smog-choked dystopian Los Angeles of 2019, blade runner Rick Deckard is called out of retirement to terminate a quartet of replicants who have escaped to Earth seeking their creator for a way to extend their short life spans.;7.931;11993;1982-06-25;41722424;28000000;Blade Runner Collection;en;['Warner Bros. Pictures', 'Shaw Brothers', 'The Ladd Company']
26;197;Braveheart;38.324;['Action', 'Drama', 'History', 'War'];Enraged at the slaughter of Murron, his new bride and childhood love, Scottish warrior William Wallace slays a platoon of the local English lord's soldiers. This leads the village to revolt and, eventually, the entire country to rise up against English rule.;7.927;8758;1995-03-14;213216216;72000000;None;en;['Icon Entertainment International', 'The Ladd Company', 'B.H. Finance C.V.']
27;642;Butch Cassidy and the Sundance Kid;23.278;['Western', 'Drama', 'Crime'];In late 1890s Wyoming, Butch Cassidy is the affable, clever and talkative leader of the outlaw Hole in the Wall Gang. His closest companion is the laconic dead-shot Sundance Kid. As the west rapidly becomes civilized, the law finally catches up to Butch, Sundance and their gang.  Chased doggedly by a special posse, the two decide to make their way to South America in hopes of evading their pursuers once and for all.;7.619;1814;1969-01-15;102308889;6000000;Butch Cassidy and the Sundance Kid Collection;en;['20th Century Fox', 'Campanile Productions', 'Newman-Foreman Company', 'George Roy Hill-Paul Monash Production']
28;289;Casablanca;21.812;['Drama', 'Romance'];In Casablanca, Morocco in December 1941, a cynical American expatriate meets a former lover, with unforeseen complications.;8.169;4506;1942-11-26;10462500;878000;None;en;['Warner Bros. Pictures']
29;524;Casino;29.007;['Crime', 'Drama'];"In early-1970s Las Vegas, Sam ""Ace"" Rothstein gets tapped by his bosses to head the Tangiers Casino. At first, he's a great success in the job, but over the years, problems with his loose-cannon enforcer Nicky Santoro, his ex-hustler wife Ginger, her con-artist ex Lester Diamond and a handful of corrupt politicians put Sam in ever-increasing danger.";8.01;4801;1995-11-22;116112375;52000000;None;en;['Universal Pictures', 'Syalis DA', 'De Fina-Cappa', 'Légende Films']
30;829;Chinatown;19.077;['Crime', 'Drama', 'Mystery', 'Thriller'];Private eye Jake Gittes lives off of the murky moral climate of sunbaked, pre-World War II Southern California. Hired by a beautiful socialite to investigate her husband's extra-marital affair, Gittes is swept into a maelstrom of double dealings and deadly deceits, uncovering a web of personal and political scandals that come crashing together.;7.92;3144;1974-06-20;30000000;6000000;The Jake Gittes Collection;en;['Paramount', 'Penthouse', 'Long Road Productions', 'Robert Evans Company']
31;598;Cidade de Deus;33.409;['Drama', 'Crime'];In the slums of Rio, two kids' paths diverge as one struggles to become a photographer and the other a kingpin.;8.417;6161;2002-02-05;30641770;3300000;None;pt;['Miramax', 'O2 Filmes', 'Videofilmes', 'Wild Bunch', 'Hank Levine Film', 'Lumière', 'Globo Filmes']
32;15;Citizen Kane;65.969;['Mystery', 'Drama'];Newspaper magnate, Charles Foster Kane is taken from his mother as a boy and made the ward of a rich industrialist. As a result, every well-meaning, tyrannical or self-destructive move he makes for the rest of his life appears in some way to be a reaction to that deeply wounding event.;8.026;4663;1941-04-17;23218000;839727;None;en;['RKO Radio Pictures', 'Mercury Productions']
33;901;City Lights;14.686;['Comedy', 'Drama', 'Romance'];In this sound-era silent film, a tramp falls in love with a beautiful blind flower seller.;8.342;1757;1931-02-01;4250000;1500000;None;en;['United Artists', 'Charles Chaplin Productions']
34;903;Cool Hand Luke;18.344;['Crime', 'Drama'];"When petty criminal Luke Jackson is sentenced to two years in a Florida prison farm, he doesn't play by the rules of either the sadistic warden or the yard's resident heavy, Dragline, who ends up admiring the new guy's unbreakable will. Luke's bravado, even in the face of repeated stints in the prison's dreaded solitary confinement cell, ""the box,"" make him a rebel hero to his fellow convicts and a thorn in the side of the prison officers.";7.8;1142;1967-06-22;16217773;3200000;None;en;['Warner Bros. Pictures', 'Jalem Productions']
35;562;Die Hard;65.031;['Action', 'Thriller'];NYPD cop John McClane's plan to reconcile with his estranged wife is thrown for a serious loop when, minutes after he arrives at her office, the entire building is overtaken by a group of terrorists. With little help from the LAPD, wisecracking McClane sets out to single-handedly rescue the hostages and bring the bad guys down.;7.755;9540;1988-07-15;140767956;28000000;Die Hard Collection;en;['20th Century Fox', 'Gordon Company', 'Silver Pictures']
36;17654;District 9;49.999;['Science Fiction'];Thirty years ago, aliens arrive on Earth. Not to conquer or give aid, but to find refuge from their dying planet. Separated from humans in a South African area called District 9, the aliens are managed by Multi-National United, which is unconcerned with the aliens' welfare but will do anything to master their advanced technology. When a company field agent contracts a mysterious virus that begins to alter his DNA, there is only one place he can hide: District 9.;7.411;8248;2009-08-05;210819611;30000000;None;en;['WingNut Films', 'TriStar Pictures', 'Key Creatives', 'Block / Hanson', 'Canadian Film or Video Production Tax Credit (CPTC)', 'The Department of Trade and Industry of South Africa', 'QED International', 'District 9', 'New Zealand Post Digital and Visual Effects Grant']
37;68718;Django Unchained;47.878;['Drama', 'Western'];With the help of a German bounty hunter, a freed slave sets out to rescue his wife from a brutal Mississippi plantation owner.;8.155;23386;2012-12-25;425368238;100000000;None;en;['Columbia Pictures', 'The Weinstein Company']
38;968;Dog Day Afternoon;17.766;['Crime', 'Drama', 'Thriller'];Based on the true story of would-be Brooklyn bank robbers John Wojtowicz and Salvatore Naturale. Sonny and Sal attempt a bank heist which quickly turns sour and escalates into a hostage situation and stand-off with the police. As Sonny's motives for the robbery are slowly revealed and things become more complicated, the heist turns into a media circus.;7.814;2435;1975-08-01;46665856;1800000;None;en;['Warner Bros. Pictures', 'Artists Entertainment Complex']
39;141;Donnie Darko;42.642;['Fantasy', 'Drama', 'Mystery'];After narrowly escaping a bizarre accident, a troubled teenager is plagued by visions of a large bunny rabbit that manipulates him to commit a series of crimes.;7.788;10864;2001-10-24;7500000;6000000;Darko Collection;en;['Pandora Cinema', 'Adam Fields Productions', 'Gaylord Films', 'Flower Films']
40;996;Double Indemnity;15.754;['Crime', 'Drama', 'Mystery', 'Thriller'];A rich woman and a calculating insurance agent plot to kill her unsuspecting husband after he signs a double indemnity policy. Against a backdrop of distinctly Californian settings, the partners in crime plan the perfect murder to collect the insurance, which pays double if the death is accidental.;8.1;1455;1944-06-14;2500000;927262;None;en;['Paramount']
41;935;Dr. Strangelove or: How I Learned to Stop Worrying and Love the Bomb;16.374;['Drama', 'Comedy', 'War'];After the insane General Jack D. Ripper initiates a nuclear strike on the Soviet Union, a war room full of politicians, generals and a Russian diplomat all frantically try to stop the nuclear strike.;8.141;4746;1964-01-29;9523464;1800000;None;en;['Columbia Pictures', 'Hawk Films']
42;1417;El laberinto del fauno;62.354;['Fantasy', 'Drama', 'War'];Living with her tyrannical stepfather in a new home with her pregnant mother, 10-year-old Ofelia feels alone until she explores a decaying labyrinth guarded by a mysterious faun who claims to know her destiny. If she wishes to return to her real father, Ofelia must complete three terrifying tasks.;7.75;9342;2006-10-10;83258226;19000000;None;es;['Telecinco Cinema', 'Estudios Picasso', 'Esperanto Filmoj', 'Tequila Gang']
43;38;Eternal Sunshine of the Spotless Mind;72.476;['Science Fiction', 'Drama', 'Romance'];Joel Barish, heartbroken that his girlfriend underwent a procedure to erase him from her memory, decides to do the same. However, as he watches his memories of her fade away, he realises that he still loves her, and may be too late to correct his mistake.;8.103;12863;2004-03-19;72258126;20000000;None;en;['Anonymous Content', 'This Is That Productions', 'Focus Features']
44;5961;Fanny och Alexander;13.235;['Fantasy', 'Drama', 'Mystery'];As children in the loving Ekdahl family, Fanny and Alexander enjoy a happy life with their parents, who run a theater company. After their father dies unexpectedly, however, the siblings end up in a joyless home when their mother, Emilie, marries a stern bishop. The bleak situation gradually grows worse as the bishop becomes more controlling, but dedicated relatives make a valiant attempt to aid Emilie, Fanny and Alexander.;7.794;628;1982-12-17;6795771;6000000;None;sv;['Gaumont', 'Tobis', 'Svenska Filminstitutet', 'SVT', 'Cinematograph AB', 'Personafilm']
45;275;Fargo;19.287;['Crime', 'Drama', 'Thriller'];Jerry, a small-town Minnesota car salesman is bursting at the seams with debt... but he's got a plan. He's going to hire two thugs to kidnap his wife in a scheme to collect a hefty ransom from his wealthy father-in-law. It's going to be a snap and nobody's going to get hurt... until people start dying. Enter Police Chief Marge, a coffee-drinking, parka-wearing - and extremely pregnant - investigator who'll stop at nothing to get her man. And if you think her small-time investigative skills will give the crooks a run for their ransom... you betcha!;7.87;6770;1996-03-08;60611975;7000000;None;en;['PolyGram Filmed Entertainment', 'Working Title Films']
46;309;Festen;11.538;['Drama'];"A grandiose party to celebrate a sixtieth birthday unleashes a family drama with all the lies that conceal horrendous secrets. The eldest son, Christian, stages a showdown with the popular pater familias; his provocative, moving after-dinner speech dislodges all the masks, which finally fall completely as the father-son conflict intensifies and the bewildered guests look on.";7.738;808;1998-06-19;0;1300000;None;da;['DR', 'Nimbus Film', 'SVT']
47;550;Fight Club;113.239;['Drama', 'Thriller', 'Comedy'];"A ticking-time-bomb insomniac and a slippery soap salesman channel primal male aggression into a shocking new form of therapy. Their concept catches on, with underground ""fight clubs"" forming in every town, until an eccentric gets in the way and ignites an out-of-control spiral toward oblivion.";8.429;25386;1999-10-15;100853753;63000000;None;en;['Regency Enterprises', 'Fox 2000 Pictures', 'The Linson Company', 'Taurus Film', 'Atman Entertainment', 'Knickerbocker Films']
48;12;Finding Nemo;104.647;['Animation', 'Family'];Nemo, an adventurous young clownfish, is unexpectedly taken from his Great Barrier Reef home to a dentist's office aquarium. It's up to his worrisome father Marlin and a friendly but forgetful fish Dory to bring Nemo home -- meeting vegetarian sharks, surfer dude turtles, hypnotic jellyfish, hungry seagulls, and more along the way.;7.825;17115;2003-05-30;940335536;94000000;Finding Nemo Collection;en;['Pixar']
49;13;Forrest Gump;90.042;['Comedy', 'Drama', 'Romance'];A man with a low IQ has accomplished great things in his life and been present during significant historic events—in each case, far exceeding what anyone imagined he could do. But despite all he has achieved, his one true love eludes him.;8.48;23769;1994-06-23;677387716;55000000;None;en;['Paramount', 'Wendy Finerman Productions', 'The Steve Tisch Company']
50;600;Full Metal Jacket;36.058;['Drama', 'War'];A pragmatic U.S. Marine observes the dehumanizing effects the U.S.-Vietnam War has on his fellow recruits from their brutal boot camp training to the bloody street fighting in Hue.;8.144;8994;1987-06-26;46357676;30000000;None;en;['Warner Bros. Pictures', 'Stanley Kubrick Productions', 'Natant']
51;783;Gandhi;16.431;['Drama', 'History'];In the early years of the 20th century, Mohandas K. Gandhi, a British-trained lawyer, forsakes all worldly possessions to take up the cause of Indian independence. Faced with armed resistance from the British government, Gandhi adopts a policy of 'passive resistance', endeavouring to win freedom for his people without resorting to bloodshed.;7.536;1974;1982-11-30;77737889;22000000;None;en;['Columbia Pictures', 'Goldcrest', 'Indo-British', 'International Film Investors', 'National Film Development Corporation of India']
52;98;Gladiator;57.723;['Action', 'Drama', 'Adventure'];In the year 180, the death of emperor Marcus Aurelius throws the Roman Empire into chaos.  Maximus is one of the Roman army's most capable and trusted generals and a key advisor to the emperor.  As Marcus' devious son Commodus ascends to the throne, Maximus is set to be executed.  He escapes, but is captured by slave traders.  Renamed Spaniard and forced to become a gladiator, Maximus must battle to the death with other men for the amusement of paying audiences.;8.204;15876;2000-05-04;465361176;103000000;None;en;['DreamWorks Pictures', 'Universal Pictures', 'Scott Free Productions', 'Red Wagon Entertainment', 'Mill Film', 'C & L', 'Dawliz']
53;770;Gone with the Wind;22.992;['Drama', 'War', 'Romance'];"The spoiled daughter of a well-to-do plantation owner is forced to use every means at her disposal to claw her way out of poverty, following Sherman's ""March to the Sea"", during the American Civil War.";8.0;3438;1939-12-15;402352579;4000000;None;en;['Metro-Goldwyn-Mayer', 'Selznick International Pictures']
54;489;Good Will Hunting;44.585;['Drama'];Will Hunting has a genius-level IQ but chooses to work as a janitor at MIT. When he solves a difficult graduate-level math problem, his talents are discovered by Professor Gerald Lambeau, who decides to help the misguided youth reach his potential. When Will is arrested for attacking a police officer, Professor Lambeau makes a deal to get leniency for him if he will get treatment from therapist Sean Maguire.;8.144;10194;1997-12-05;225933435;10000000;None;en;['Miramax', 'Lawrence Bender Productions', 'Be Gentlemen Limited Partnership']
55;769;Goodfellas;37.639;['Drama', 'Crime'];The true story of Henry Hill, a half-Irish, half-Sicilian Brooklyn kid who is adopted by neighbourhood gangsters at an early age and climbs the ranks of a Mafia family under the guidance of Jimmy Conway.;8.463;10766;1990-09-12;46835000;25000000;None;en;['Winkler Films']
56;13223;Gran Torino;29.665;['Drama'];Disgruntled Korean War veteran Walt Kowalski sets out to reform his neighbor, Thao Lor, a Hmong teenager who tried to steal Kowalski's prized possession: a 1972 Gran Torino.;8.001;9430;2008-12-09;269958228;33000000;None;en;['Village Roadshow Pictures', 'Malpaso Productions', 'Warner Bros. Pictures', 'Gerber Pictures', 'Double Nickel Entertainment', 'Matten Productions', 'WV Films IV']
57;137;Groundhog Day;26.082;['Romance', 'Fantasy', 'Drama', 'Comedy'];A narcissistic TV weatherman, along with his attractive-but-distant producer, and his mawkish cameraman, is sent to report on Groundhog Day in the small town of Punxsutawney, where he finds himself repeating the same day over and over.;7.6;6691;1993-02-11;71074049;14600000;None;en;['Columbia Pictures']
58;12445;Harry Potter and the Deathly Hallows: Part 2;152.749;['Fantasy', 'Adventure'];Harry, Ron and Hermione continue their quest to vanquish the evil Voldemort once and for all. Just as things begin to look hopeless for the young wizards, Harry discovers a trio of magical objects that endow him with powers to rival Voldemort's formidable skills.;8.114;18031;2011-07-07;1341511219;125000000;Harry Potter Collection;en;['Warner Bros. Pictures', 'Heyday Films']
59;11787;Harvey;7.817;['Comedy', 'Fantasy'];The story of Elwood P. Dowd who makes friends with a spirit taking the form of a human-sized rabbit named Harvey that only he sees (and a few privileged others on occasion also.) After his sister tries to commit him to a mental institution, a comedy of errors ensues. Elwood and Harvey become the catalysts for a family mending its wounds and for romance blossoming in unexpected places.;7.699;495;1950-12-04;0;0;None;en;['Universal International Pictures']
60;949;Heat;43.025;['Action', 'Crime', 'Drama', 'Thriller'];Obsessive master thief Neil McCauley leads a top-notch crew on various daring heists throughout Los Angeles while determined detective Vincent Hanna pursues him without rest. Each man recognizes and respects the ability and the dedication of the other even though they are aware their cat-and-mouse game may end in violence.;7.895;5922;1995-12-15;187436818;60000000;Heat Collection;en;['Warner Bros. Pictures', 'New Regency Productions', 'Regency Enterprises', 'Forward Pass', 'Monarchy Enterprises B.V.', 'The Linson Company']
61;288;High Noon;15.256;['Western'];Will Kane, the sheriff of a small town in New Mexico, learns a notorious outlaw he put in jail has been freed, and will be arriving on the noon train. Knowing the outlaw and his gang are coming to kill him, Kane is determined to stand his ground, so he attempts to gather a posse from among the local townspeople.;7.702;1168;1952-06-09;8000000;730000;None;en;['United Artists', 'Stanley Kramer Productions']
62;205;Hotel Rwanda;20.777;['Drama', 'History', 'War'];Inspired by true events, this film takes place in Rwanda in the 1990s when more than a million Tutsis were killed in a genocide that went mostly unnoticed by the rest of the world. Hotel owner Paul Rusesabagina houses over a thousand refuges in his hotel in attempt to save their lives.;7.711;2422;2004-03-04;38000000;17500000;None;en;['Lions Gate Films', 'United Artists', 'Endgame Entertainment', 'Miracle Pictures', 'Sixth Sense Productions', 'Mikado Film', 'Inside Track Films']
63;10191;How to Train Your Dragon;54.138;['Fantasy', 'Adventure', 'Animation', 'Family'];As the son of a Viking leader on the cusp of manhood, shy Hiccup Horrendous Haddock III faces a rite of passage: he must kill a dragon to prove his warrior mettle. But after downing a feared dragon, he realizes that he no longer wants to destroy it, and instead befriends the beast – which he names Toothless – much to the chagrin of his warrior father.;7.799;11401;2010-03-18;494878759;165000000;How to Train Your Dragon Collection;en;['DreamWorks Animation']
64;429;Il buono, il brutto, il cattivo;44.577;['Western'];While the Civil War rages on between the Union and the Confederacy, three men – a quiet loner, a ruthless hitman, and a Mexican bandit – comb the American Southwest in search of a strongbox containing $200,000 in stolen gold.;8.486;7052;1966-12-23;25253887;1200000;None;it;['Constantin Film', 'United Artists', 'PEA', 'Arturo González Producciones Cinematográficas']
65;7984;In the Name of the Father;13.91;['Drama'];A small time thief from Belfast, Gerry Conlon, is falsely implicated in the IRA bombing of a pub that kills several people while he is in London. He and his four friends are coerced by British police into confessing their guilt. Gerry's father and other relatives in London are also implicated in the crime. He spends fifteen years in prison with his father trying to prove his innocence.;7.913;1451;1993-12-12;65796862;13000000;None;en;"['Universal Pictures', ""Hell's Kitchen Films""]"
66;46738;Incendies;25.302;['Drama', 'War', 'Mystery'];A mother's last wishes send twins Jeanne and Simon on a journey to Middle East in search of their tangled roots. Adapted from Wajdi Mouawad's acclaimed play, Incendies tells the powerful and moving tale of two young adults' voyage to the core of deep-rooted hatred, never-ending wars and enduring love.;8.089;2068;2010-09-04;6788659;6800000;None;fr;['CNC', 'TS Productions', 'Téléfilm Canada', 'The Movie Network', 'Astral Media', 'micro_scope', 'Phi Group', 'Entertainment One', 'Société Radio-Canada', 'Super Écran']
67;27205;Inception;74.823;['Action', 'Science Fiction', 'Adventure'];"Cobb, a skilled thief who commits corporate espionage by infiltrating the subconscious of his targets is offered a chance to regain his old life as payment for a task considered to be impossible: ""inception"", the implantation of another person's idea into a target's subconscious.";8.36;32792;2010-07-15;825532764;160000000;None;en;['Warner Bros. Pictures', 'Legendary Pictures', 'Syncopy']
68;89;Indiana Jones and the Last Crusade;61.867;['Adventure', 'Action'];In 1938, an art collector appeals to eminent archaeologist Dr. Indiana Jones to embark on a search for the Holy Grail. Indy learns that a medieval historian has vanished while searching for it, and the missing man is his own father, Dr. Henry Jones Sr.. He sets out to rescue his father by following clues in the old man's notebook, which his father had mailed to him before he went missing. Indy arrives in Venice, where he enlists the help of a beautiful academic, Dr. Elsa Schneider, along with Marcus Brody and Sallah. Together they must stop the Nazis from recovering the power of eternal life and taking over the world!;7.833;8527;1989-05-24;474171806;48000000;Indiana Jones Collection;en;['Lucasfilm Ltd.', 'Paramount']
69;10775;Infernal Affairs;17.509;['Drama', 'Action', 'Thriller', 'Crime', 'Mystery'];Chan Wing Yan, a young police officer, has been sent undercover as a mole in the local mafia. Lau Kin Ming, a young mafia member, infiltrates the police force. Years later, their older counterparts, Chen Wing Yan and Inspector Lau Kin Ming, respectively, race against time to expose the mole within their midst.;7.812;1292;2002-12-12;8708932;125000;Infernal Affairs Collection;cn;['Media Asia Films']
70;16869;Inglourious Basterds;63.145;['Drama', 'Action', 'Thriller', 'War'];"In Nazi-occupied France during World War II, a group of Jewish-American soldiers known as ""The Basterds"" are chosen specifically to spread fear throughout the Third Reich by scalping and brutally killing Nazis. The Basterds, lead by Lt. Aldo Raine soon cross paths with a French-Jewish teenage girl who runs a movie theater in Paris which is targeted by the soldiers.";8.21;19538;2009-08-19;321457747;70000000;None;en;['Universal Pictures', 'A Band Apart', 'The Weinstein Company', 'Peninsula Films', 'Zehnte Babelsberg Film', 'Visiona Romantica']
71;5915;Into the Wild;20.218;['Adventure', 'Drama'];After graduating from Emory University in 1992, top student and athlete Christopher McCandless abandons his possessions, gives his entire $24,000 savings account to charity, and hitchhikes to Alaska to live in the wilderness.;7.811;8574;2007-09-11;56255142;15000000;None;en;['Paramount Vantage', 'River Road Entertainment', 'The Linson Company', 'Into the Wild', 'Square One C.I.H.']
72;77338;Intouchables;84.697;['Drama', 'Comedy'];A true story of two men who should never have met – a quadriplegic aristocrat who was injured in a paragliding accident and a young man from the projects.;8.27;15233;2011-11-02;426588510;13000000;None;fr;['Gaumont', 'Canal+', 'TF1 Films Production', 'CinéCinéma', 'Quad Productions', 'Chaocorp', 'Ten Films', 'TF1']
73;3078;It Happened One Night;13.302;['Comedy', 'Romance'];A renegade reporter and a young heiress meet on a bus heading for New York, and end up stuck with each other when the bus leaves them behind at one of the stops.;7.88;981;1934-02-22;4500000;325000;None;en;['Columbia Pictures']
74;1585;It's a Wonderful Life;60.511;['Drama', 'Family', 'Fantasy'];A holiday favourite for generations...  George Bailey has spent his entire life giving to the people of Bedford Falls.  All that prevents rich skinflint Mr. Potter from taking over the entire town is George's modest building and loan company.  But on Christmas Eve the business's $8,000 is lost and George's troubles begin.;8.264;3538;1946-12-20;9644124;3180000;None;en;['RKO Radio Pictures', 'Liberty Films']
75;103663;Jagten;20.411;['Drama'];A teacher lives a lonely life, all the while struggling over his son’s custody. His life slowly gets better as he finds love and receives good news from his son, but his new luck is about to be brutally shattered by an innocent little lie.;8.096;3355;2012-10-25;18309793;3800000;None;da;['Zentropa Entertainments', 'Det Danske Filminstitut', 'DR', 'Eurimages', 'MEDIA Programme of the European Union', 'Svenska Filminstitutet', 'Film i Väst', 'SVT', 'Nordisk Film & TV Fond']
76;578;Jaws;35.784;['Horror', 'Thriller', 'Adventure'];When an insatiable great white shark terrorizes the townspeople of Amity Island, the police chief, an oceanographer and a grizzled shark hunter seek to destroy the blood-thirsty beast.;7.648;8827;1975-06-20;470653000;7000000;Jaws Collection;en;['Universal Pictures', 'Zanuck/Brown Productions']
77;329;Jurassic Park;26.746;['Adventure', 'Science Fiction'];A wealthy entrepreneur secretly creates a theme park featuring living dinosaurs drawn from prehistoric DNA. Before opening day, he invites a team of experts and his two eager grandchildren to experience the park and help calm anxious investors. However, the park is anything but amusing as the security systems go off-line and the dinosaurs escape.;7.929;14211;1993-06-11;920100000;63000000;Jurassic Park Collection;en;['Universal Pictures', 'Amblin Entertainment']
78;81;Kaze no tani no Naushika;53.074;['Adventure', 'Animation', 'Fantasy'];After a global war, the seaside kingdom known as the Valley of the Wind remains one of the last strongholds on Earth untouched by a poisonous jungle and the powerful insects that guard it. Led by the courageous Princess Nausicaä, the people of the Valley engage in an epic struggle to restore the bond between humanity and Earth.;7.93;2908;1984-03-11;3301446;1000000;None;ja;['Topcraft']
79;24;Kill Bill: Vol. 1;79.531;['Action', 'Crime'];An assassin is shot by her ruthless employer, Bill, and other members of their assassination circle – but she lives to plot her vengeance.;7.971;15272;2003-10-10;180906076;30000000;Kill Bill Collection;en;['Miramax', 'A Band Apart', 'Super Cool ManChu']
80;2118;L.A. Confidential;15.349;['Crime', 'Mystery', 'Thriller'];Three detectives in the corrupt and brutal L.A. police force of the 1950s use differing methods to uncover a conspiracy behind the shotgun slayings of the patrons at an all-night diner.;7.782;4121;1997-09-19;126216940;35000000;None;en;['Warner Bros. Pictures', 'Regency Enterprises', 'The Wolper Organization']
81;947;Lawrence of Arabia;24.492;['Adventure', 'Drama', 'History', 'War'];The story of British officer T.E. Lawrence's mission to aid the Arab tribes in their revolt against the Ottoman Empire during the First World War. Lawrence becomes a flamboyant, messianic figure in the cause of Arab unity but his psychological instability threatens to undermine his achievements.;7.985;2450;1962-12-11;69995385;15000000;None;en;['Horizon Pictures']
82;87827;Life of Pi;35.412;['Adventure', 'Drama'];The story of an Indian boy named Pi, a zookeeper's son who finds himself in the company of a hyena, zebra, orangutan, and a Bengal tiger after a shipwreck sets them adrift in the Pacific Ocean.;7.39;11924;2012-11-20;609016565;120000000;None;en;['Ingenious Media', 'Dune Entertainment', 'Fox 2000 Pictures', 'Big Screen Productions', 'Haishang Films', 'Netter Productions', 'Ingenious Film Partners']
83;100;Lock, Stock and Two Smoking Barrels;14.961;['Comedy', 'Crime'];A card shark and his unwillingly-enlisted friends need to make a lot of cash quick after losing a sketchy poker match. To do this they decide to pull a heist on a small-time gang who happen to be operating out of the flat next door.;8.143;5715;1998-08-28;28356188;1350000;None;en;['Summit Entertainment', 'PolyGram Filmed Entertainment', 'SKA Films', 'HandMade Films', 'The Steve Tisch Company']
84;832;M;13.533;['Drama', 'Action', 'Thriller', 'Crime'];In this classic German thriller, Hans Beckert, a serial killer who preys on children, becomes the focus of a massive Berlin police manhunt. Beckert's heinous crimes are so repellant and disruptive to city life that he is even targeted by others in the seedy underworld network. With both cops and criminals in pursuit, the murderer soon realizes that people are on his trail, sending him into a tense, panicked attempt to escape justice.;8.105;1729;1931-05-11;0;0;None;de;['Nero-Film AG']
85;24238;Mary and Max;38.454;['Animation', 'Comedy', 'Drama'];A tale of friendship between two unlikely pen pals: Mary, a lonely, eight-year-old girl living in the suburbs of Melbourne, and Max, a forty-four-year old, severely obese man living in New York.;7.847;1622;2009-02-09;1740429;8240000;None;en;['Melodrama Pictures', 'icon']
86;77;Memento;47.056;['Mystery', 'Thriller'];Leonard Shelby is tracking down the man who raped and murdered his wife. The difficulty of locating his wife's killer, however, is compounded by the fact that he suffers from a rare, untreatable form of short-term memory loss. Although he can recall details of life before his accident, Leonard cannot remember what happened fifteen minutes ago, where he's going, or why.;8.191;12849;2000-10-11;39723096;9000000;None;en;['Summit Entertainment', 'Newmarket Capital Group', 'Team Todd', 'I Remember Productions']
87;19;Metropolis;43.888;['Drama', 'Science Fiction'];In a futuristic city sharply divided between the rich and the poor, the son of the city's mastermind meets a prophet who predicts the coming of a savior to mediate their differences.;8.171;2211;1927-02-06;650422;1300000;None;de;['UFA']
88;70;Million Dollar Baby;41.173;['Drama'];Despondent over a painful estrangement from his daughter, trainer Frankie Dunn isn't prepared for boxer Maggie Fitzgerald to enter his life. But Maggie's determined to go pro and to convince Dunn and his cohort to help her.;7.963;8335;2004-12-15;216763646;30000000;None;en;['Lakeshore Entertainment', 'Malpaso Productions', 'Warner Bros. Pictures', 'Epsilon Motion Pictures', 'Albert S. Ruddy Productions']
89;3082;Modern Times;16.976;['Comedy', 'Drama'];The Tramp struggles to live in modern industrial society with the help of a young homeless woman.;8.319;3127;1936-02-05;0;1500000;None;en;['United Artists', 'Charles Chaplin Productions']
90;128;Mononoke-hime;39.43;['Adventure', 'Fantasy', 'Animation'];Ashitaka, a prince of the disappearing Emishi people, is cursed by a demonized boar god and must journey to the west to find a cure. Along the way, he encounters San, a young human woman fighting to protect the forest, and Lady Eboshi, who is trying to destroy it. Ashitaka must find a way to bring balance to this conflict.;8.346;6692;1997-07-12;159414369;26500000;None;ja;['dentsu', 'Tokuma Shoten', 'DENTSU Music And Entertainment', 'Nippon Television Network Corporation', 'Studio Ghibli', 'Nibariki', 'TNDG']
91;585;Monsters, Inc.;119.944;['Animation', 'Comedy', 'Family'];James Sullivan and Mike Wazowski are monsters, they earn their living scaring children and are the best in the business... even though they're more afraid of the children than they are of them. When a child accidentally enters their world, James and Mike suddenly find that kids are not to be afraid of and they uncover a conspiracy that could threaten all children across the world.;7.826;16214;2001-11-01;579707738;115000000;Monsters, Inc. Collection;en;['Pixar']
92;762;Monty Python and the Holy Grail;21.854;['Adventure', 'Comedy', 'Fantasy'];"King Arthur, accompanied by his squire, recruits his Knights of the Round Table, including Sir Bedevere the Wise, Sir Lancelot the Brave, Sir Robin the Not-Quite-So-Brave-As-Sir-Lancelot and Sir Galahad the Pure. On the way, Arthur battles the Black Knight who, despite having had all his limbs chopped off, insists he can still fight. They reach Camelot, but Arthur decides not  to enter, as ""it is a silly place"".";7.804;4922;1975-05-25;1940906;400000;None;en;['Python (Monty) Pictures Limited', 'Michael White Productions', 'National Film Trustee Company']
93;583;Monty Python's Life of Brian;20.124;['Comedy'];Brian Cohen is an average young Jewish man, but through a series of ridiculous events, he gains a reputation as the Messiah. When he's not dodging his followers or being scolded by his shrill mother, the hapless Brian has to contend with the pompous Pontius Pilate and acronym-obsessed members of a separatist movement. Rife with Monty Python's signature absurdity, the tale finds Brian's life paralleling Biblical lore, albeit with many more laughs.;7.761;3697;1979-08-17;20745728;4000000;None;en;['Python (Monty) Pictures Limited', 'HandMade Films']
94;3083;Mr. Smith Goes to Washington;13.424;['Comedy', 'Drama'];Naive and idealistic Jefferson Smith, leader of the Boy Rangers, is appointed to the United States Senate by the puppet governor of his state. He soon discovers, upon going to Washington, many shortcomings of the political process as his earnest goal of a national boys' camp leads to a conflict with the state political boss.;7.934;844;1939-10-19;9600000;1500000;None;en;['Columbia Pictures']
95;322;Mystic River;27.855;['Thriller', 'Crime', 'Drama', 'Mystery'];The lives of three men who were childhood friends are shattered when one of them has a family tragedy.;7.746;5526;2003-01-01;156822020;25000000;None;en;['Village Roadshow Pictures', 'Malpaso Productions', 'NPV Entertainment', 'Warner Bros. Pictures']
96;10774;Network;12.652;['Drama'];When veteran anchorman Howard Beale is forced to retire his 25-year post because of his age, he announces to viewers that he will kill himself during his farewell broadcast. Network executives rethink their decision when his fanatical tirade results in a spike in ratings.;7.86;1379;1976-11-14;23689877;3800000;None;en;['Metro-Goldwyn-Mayer', 'United Artists']
97;6977;No Country for Old Men;38.276;['Crime', 'Drama', 'Thriller'];Llewelyn Moss stumbles upon dead bodies, $2 million and a hoard of heroin in a Texas desert, but methodical killer Anton Chigurh comes looking for it, with local sheriff Ed Tom Bell hot on his trail. The roles of prey and predator blur as the violent pursuit of money and justice collide.;7.93;10239;2007-06-13;171627166;25000000;None;en;['Miramax', 'Scott Rudin Productions', 'Paramount Vantage', 'Mike Zoss Productions']
98;213;North by Northwest;20.422;['Mystery', 'Thriller'];Advertising man Roger Thornhill is mistaken for a spy, triggering a deadly cross-country chase.;7.991;3425;1959-07-08;13275000;4000000;None;en;['Metro-Goldwyn-Mayer']
99;303;Notorious;11.422;['Thriller', 'Romance', 'Mystery'];In order to help bring Nazis to justice, U.S. government agent T.R. Devlin recruits Alicia Huberman, the American daughter of a convicted German war criminal, as a spy. As they begin to fall for one another, Alicia is instructed to win the affections of Alexander Sebastian, a Nazi hiding out in Brazil. When Sebastian becomes serious about his relationship with Alicia, the stakes get higher, and Devlin must watch her slip further undercover.;7.784;1281;1946-08-21;24500000;1000000;None;en;['RKO Radio Pictures', 'Vanguard Films']
100;11216;Nuovo Cinema Paradiso;22.859;['Drama', 'Romance'];A filmmaker recalls his childhood, when he fell in love with the movies at his village's theater and formed a deep friendship with the theater's projectionist.;8.46;3554;1988-11-17;11990401;5000000;None;it;['TF1 Films Production', 'RAI', 'Les Films Ariane', 'Cristaldifilm', 'Forum Picture']
101;654;On the Waterfront;17.088;['Crime', 'Drama'];Terry Malloy dreams about being a prize fighter, while tending his pigeons and running errands at the docks for Johnny Friendly, the corrupt boss of the dockers union. Terry witnesses a murder by two of Johnny's thugs, and later meets the dead man's sister and feels responsible for his death. She introduces him to Father Barry, who tries to force him to provide information for the courts that will smash the dock racketeers.;7.986;1265;1954-06-22;9600000;910000;None;en;['Columbia Pictures', 'Horizon Pictures']
102;311;Once Upon a Time in America;31.676;['Drama', 'Crime'];A former Prohibition-era Jewish gangster returns to the Lower East Side of Manhattan over thirty years later, where he once again must confront the ghosts and regrets of his old life.;8.442;4476;1984-05-23;5472914;30000000;None;en;['Warner Bros. Pictures', 'Rafran Cinematografica', 'PSO', 'The Ladd Company', 'Embassy International Pictures']
103;510;One Flew Over the Cuckoo's Nest;31.82;['Drama'];A petty criminal fakes insanity to serve his sentence in a mental ward rather than prison. He soon finds himself as a leader to the other patients—and an enemy to the cruel, domineering nurse who runs the ward.;8.425;9036;1975-11-19;108981275;3000000;None;en;['Fantasy Films']
104;5924;Papillon;19.083;['Crime', 'Drama'];A man befriends a fellow criminal as the two of them begin serving their sentence on a dreadful prison island, which inspires the man to plot his escape.;7.846;1588;1973-12-13;53267000;12000000;None;en;['Solar Productions', 'Allied Artists Pictures', 'Corona-General']
105;975;Paths of Glory;14.932;['Drama', 'War'];A commanding officer defends three scapegoats on trial for a failed offensive that occurred within the French Army in 1916.;8.295;2342;1957-10-25;0;935000;None;en;['United Artists', 'Bryna Productions']
106;391;Per un pugno di dollari;24.402;['Western'];The Man With No Name enters the Mexican village of San Miguel in the midst of a power struggle among the three Rojo brothers and sheriff John Baxter. When a regiment of Mexican soldiers bearing gold intended to pay for new weapons is waylaid by the Rojo brothers, the stranger inserts himself into the middle of the long-simmering battle, selling false information to both sides for his own benefit.;7.88;3496;1964-01-18;14500000;200000;None;it;['Constantin Film', 'United Artists', 'Jolly Film', 'Ocean Films']
107;797;Persona;33.601;['Drama'];A young nurse, Alma, is put in charge of Elisabeth Vogler: an actress who is seemingly healthy in all respects, but will not talk. As they spend time together, Alma speaks to Elisabeth constantly, never receiving any answer. The time they spend together only strengthens the crushing realization that one does not exist.;8.258;1726;1966-10-18;0;0;None;sv;['SF Studios']
108;22;Pirates of the Caribbean: The Curse of the Black Pearl;110.698;['Adventure', 'Fantasy', 'Action'];Jack Sparrow, a freewheeling 18th-century pirate, quarrels with a rival pirate bent on pillaging Port Royal. When the governor's daughter is kidnapped, Sparrow decides to help the girl's love save her.;7.78;18193;2003-07-09;655011224;140000000;Pirates of the Caribbean Collection;en;['Walt Disney Pictures', 'Jerry Bruckheimer Films']
109;792;Platoon;32.439;['Drama', 'War', 'Action'];As a young and naive recruit in Vietnam, Chris Taylor faces a moral crisis when confronted with the horrors of war and the duality of man.;7.749;3775;1986-12-19;138530565;6000000;None;en;['Hemdale Film Corporation', 'Cinema 84', 'Cinema 86']
110;539;Psycho;32.656;['Horror', 'Drama', 'Thriller'];When larcenous real estate clerk Marion Crane goes on the lam with a wad of cash and hopes of starting a new life, she ends up at the notorious Bates Motel, where manager Norman Bates cares for his housebound mother.;8.44;8642;1960-06-22;50000000;806947;Psycho Collection;en;['Shamley Productions']
111;680;Pulp Fiction;70.757;['Thriller', 'Crime'];A burger-loving hit man, his philosophical partner, a drug-addled gangster's moll and a washed-up boxer converge in this sprawling, comedic crime caper. Their adventures unfurl in three stories that ingeniously trip back and forth in time.;8.492;24250;1994-09-10;214179088;8000000;None;en;['Miramax', 'A Band Apart', 'Jersey Films']
112;1578;Raging Bull;21.716;['Drama', 'History'];The life of boxer Jake LaMotta, whose violence and temper that led him to the top in the ring destroyed his life outside of it.;7.978;3552;1980-11-14;23000000;18000000;None;en;['United Artists']
113;85;Raiders of the Lost Ark;60.821;['Adventure', 'Action'];When Dr. Indiana Jones – the tweed-suited professor who just happens to be a celebrated archaeologist – is hired by the government to locate the legendary Ark of the Covenant, he finds himself up against the entire Nazi regime.;7.923;10560;1981-06-12;389925971;18000000;Indiana Jones Collection;en;['Lucasfilm Ltd.', 'Paramount']
114;380;Rain Man;21.816;['Drama'];"Selfish yuppie Charlie Babbitt's father left a fortune to his savant brother Raymond and a pittance to Charlie; they travel cross-country.";7.757;5377;1988-12-11;354825435;25000000;None;en;['United Artists', 'Star Partners II Ltd.']
115;11645;Ran;12.88;['Action', 'Drama', 'History'];With Ran, legendary director Akira Kurosawa reimagines Shakespeare's King Lear as a singular historical epic set in sixteenth-century Japan. Majestic in scope, the film is Kurosawa's late-life masterpiece, a profound examination of the folly of war and the crumbling of one family under the weight of betrayal, greed, and the insatiable thirst for power.;8.063;1213;1985-06-01;11859533;11500005;None;ja;['Toho', 'Nippon Herald Films', 'Greenwich Film Production', 'Herald Ace']
116;2062;Ratatouille;95.827;['Animation', 'Comedy', 'Family', 'Fantasy'];Remy, a resident of Paris, appreciates good food and has quite a sophisticated palate. He would love to become a chef so he can create and enjoy culinary masterpieces to his heart's delight. The only problem is, Remy is a rat. When he winds up in the sewer beneath one of Paris' finest restaurants, the rodent gourmet finds himself ideally placed to realize his dream.;7.789;14656;2007-06-28;623726000;150000000;None;en;['Walt Disney Pictures', 'Pixar']
117;567;Rear Window;23.966;['Thriller', 'Mystery'];A wheelchair-bound photographer spies on his neighbors from his apartment window and becomes convinced one of them has committed murder.;8.36;5469;1954-08-01;37034514;1000000;None;en;['Paramount', 'Alfred J. Hitchcock Productions']
118;223;Rebecca;14.731;['Mystery', 'Drama', 'Thriller', 'Romance'];Story of a young woman who marries a fascinating widower only to find out that she must live in the shadow of his former wife, Rebecca, who died mysteriously several years earlier. The young wife must come to grips with the terrible secret of her handsome, cold husband, Max De Winter. She must also deal with the jealous, obsessed Mrs. Danvers, the housekeeper, who will not accept her as the mistress of the house.;7.917;1412;1940-03-23;6000000;1288000;None;en;['United Artists', 'Selznick International Pictures']
119;641;Requiem for a Dream;10.487;['Crime', 'Drama'];The hopes and dreams of four ambitious people are shattered when their drug addictions begin spiraling out of control. A look into addiction and how it overcomes the mind and body.;8.034;8523;2000-10-06;7390108;4500000;None;en;['Thousand Words', 'Artisan Entertainment', 'Protozoa Pictures']
120;500;Reservoir Dogs;27.946;['Crime', 'Thriller'];A botched robbery indicates a police informant, and the pressure mounts in the aftermath at a warehouse. Crime begets violence as the survivors -- veteran Mr. White, newcomer Mr. Orange, psychopathic parolee Mr. Blonde, bickering weasel Mr. Pink and Nice Guy Eddie -- unravel.;8.142;12453;1992-09-02;2859750;1200000;None;en;['Live Entertainment', 'Dog Eat Dog Productions']
121;1366;Rocky;42.659;['Drama', 'Romance'];When world heavyweight boxing champion, Apollo Creed wants to give an unknown fighter a shot at the title as a publicity stunt, his handlers choose palooka Rocky Balboa, an uneducated collector for a Philadelphia loan shark. Rocky teams up with trainer  Mickey Goldmill to make the most of this once in a lifetime break.;7.777;6474;1976-11-21;117250402;1000000;Rocky Collection;en;['Winkler Films']
122;804;Roman Holiday;20.282;['Romance', 'Comedy', 'Drama'];Overwhelmed by her suffocating schedule, touring European princess Ann takes off for a night while in Rome. When a sedative she took from her doctor kicks in, however, she falls asleep on a park bench and is found by an American reporter, Joe Bradley, who takes her back to his apartment for safety. At work the next morning, Joe finds out Ann's regal identity and bets his editor he can get exclusive interview with her, but romance soon gets in the way.;7.897;1659;1953-08-26;12000000;1500000;None;en;['Paramount']
123;1580;Rope;14.902;['Crime', 'Drama', 'Thriller'];Two men attempt to prove they committed the perfect crime by hosting a dinner party after strangling their former classmate to death.;7.974;2193;1948-03-11;2200000;1500000;None;en;['Warner Bros. Pictures', 'Transatlantic Pictures']
124;805;Rosemary's Baby;17.49;['Drama', 'Horror', 'Thriller'];A young couple, Rosemary and Guy, moves into an infamous New York apartment building, known by frightening legends and mysterious events, with the purpose of starting a family.;7.813;3280;1968-06-12;33395426;3200000;Rosemary's Baby Collection;en;['William Castle Productions']
125;857;Saving Private Ryan;50.577;['Drama', 'History', 'War'];As U.S. troops storm the beaches of Normandy, three brothers lie dead on the battlefield, with a fourth trapped behind enemy lines. Ranger captain John Miller and seven men are tasked with penetrating German-held territory and bringing the boy home.;8.201;13729;1998-07-24;481840909;70000000;None;en;['Paramount', 'DreamWorks Pictures', 'Amblin Entertainment', 'Mutual Film Company', 'The Mark Gordon Company']
126;111;Scarface;59.797;['Action', 'Crime', 'Drama'];After getting a green card in exchange for assassinating a Cuban government official, Tony Montana stakes a claim on the drug trade in Miami. Viciously murdering anyone who stands in his way, Tony eventually becomes the biggest drug lord in the state, controlling nearly all the cocaine that comes through Miami. But increased pressure from the police, wars with Colombian drug cartels and his own drug-fueled paranoia serve to fuel the flames of his eventual downfall.;8.163;9866;1983-12-09;66023329;25000000;None;en;['Universal Pictures']
127;424;Schindler's List;51.545;['Drama', 'History', 'War'];The true story of how businessman Oskar Schindler saved over a thousand Jewish lives from the Nazis while they worked as slaves in his factory during World War II.;8.565;13557;1993-12-15;321365567;22000000;None;en;['Universal Pictures', 'Amblin Entertainment']
128;807;Se7en;57.565;['Crime', 'Mystery', 'Thriller'];"Two homicide detectives are on a desperate hunt for a serial killer whose crimes are based on the ""seven deadly sins"" in this dark and haunting film that takes viewers from the tortured remains of one victim to the next. The seasoned Det. Sommerset researches each sin in an effort to get inside the killer's mind, while his novice partner, Mills, scoffs at his efforts to unravel the case.";8.36;18046;1995-09-22;327311859;33000000;None;en;['New Line Cinema', 'Juno Pix', 'Cecchi Gori Pictures']
129;11324;Shutter Island;50.164;['Drama', 'Thriller', 'Mystery'];World War II soldier-turned-U.S. Marshal Teddy Daniels investigates the disappearance of a patient from a hospital for the criminally insane, but his efforts are compromised by troubling visions and a mysterious doctor.;8.192;20880;2010-02-14;294800000;80000000;None;en;['Paramount', 'Appian Way', 'Phoenix Pictures', 'Sikelia Productions']
130;187;Sin City;44.526;['Thriller', 'Action', 'Crime'];Welcome to Sin City. This town beckons to the tough, the corrupt, the brokenhearted. Some call it dark… Hard-boiled. Then there are those who call it home — Crooked cops, sexy dames, desperate vigilantes. Some are seeking revenge, others lust after redemption, and then there are those hoping for a little of both. A universe of unlikely and reluctant heroes still trying to do the right thing in a city that refuses to care.;7.434;7101;2005-04-01;158733820;40000000;Sin City Collection;en;['Miramax', 'Dimension Films', 'Troublemaker Studios']
131;872;Singin' in the Rain;19.449;['Comedy', 'Music', 'Romance', 'Drama'];In 1927 Hollywood, a silent film production company and cast make a difficult transition to sound.;8.168;2595;1952-04-09;7200000;2540800;None;en;['Metro-Goldwyn-Mayer']
132;993;Sleuth;8.477;['Mystery', 'Thriller', 'Crime'];A mystery novelist devises an insurance scam with his wife's lover – but things aren't exactly as they seem.;7.693;487;1972-12-10;5750000;3500000;None;en;['Palomar Pictures International']
133;12405;Slumdog Millionaire;21.899;['Drama', 'Romance'];"A teenager reflects on his life after being accused of cheating on the Indian version of ""Who Wants to be a Millionaire?"".";7.735;9384;2008-11-12;378410542;15000000;None;en;['Celador Films', 'Film4 Productions']
134;107;Snatch;33.248;['Crime', 'Comedy'];Unscrupulous boxing promoters, violent bookmakers, a Russian gangster, incompetent amateur robbers and supposedly Jewish jewelers fight to track down a priceless stolen diamond.;7.796;7723;2000-09-01;83557872;10000000;None;en;['Columbia Pictures', 'SKA Films']
135;239;Some Like It Hot;19.577;['Comedy', 'Music', 'Romance', 'Crime'];Two musicians witness a mob hit and struggle to find a way out of the city before they are found by the gangsters. Their only opportunity is to join an all-girl band as they leave on a tour. To make their getaway they must first disguise themselves as women, then keep their identities secret and deal with the problems this brings - such as an attractive bandmate and a very determined suitor.;8.125;2895;1959-03-19;25000000;2883848;None;en;['United Artists', 'The Mirisch Company', 'Ashton Productions']
136;235;Stand by Me;24.132;['Crime', 'Drama'];Gordie, Chris, Teddy and Vern are four friends who decide to hike to find the corpse of Ray Brower, a local teenager, who was hit by a train while plucking blueberries in the wild.;7.9;4831;1986-08-08;52287414;8000000;None;en;['Columbia Pictures', 'Act III Productions']
137;13475;Star Trek;40.191;['Science Fiction', 'Action', 'Adventure'];The fate of the galaxy rests in the hands of bitter rivals. One, James Kirk, is a delinquent, thrill-seeking Iowa farm boy. The other, Spock, a Vulcan, was raised in a logic-based society that rejects all emotion. As fiery instinct clashes with calm reason, their unlikely but powerful partnership is the only thing capable of leading their crew through unimaginable danger, boldly going where no one has gone before. The human adventure has begun again.;7.433;8926;2009-05-06;385680446;150000000;Star Trek: Alternate Reality Collection;en;['Paramount', 'Spyglass Entertainment', 'Bad Robot', 'MavroCine Pictures GmbH & Co. KG']
138;1892;Star Wars: Episode VI - Return of the Jedi;40.398;['Adventure', 'Action', 'Science Fiction'];Luke Skywalker leads a mission to rescue his friend Han Solo from the clutches of Jabba the Hutt, while the Emperor seeks to destroy the Rebellion once and for all with a second dreaded Death Star.;7.887;13621;1983-05-25;572700000;32350000;Star Wars Collection;en;['Lucasfilm Ltd.']
139;845;Strangers on a Train;11.632;['Crime', 'Thriller'];A deranged socialite accosts a tennis star with his theory that if two strangers trade murders, they can disguise their motives and avoid suspicion.;7.706;1318;1951-06-27;7000000;1200000;None;en;['Warner Bros. Pictures']
140;599;Sunset Boulevard;19.077;['Drama'];A hack screenwriter writes a screenplay for a former silent film star who has faded into Hollywood obscurity.;8.379;2107;1950-08-10;5000000;1752000;None;en;['Paramount']
141;7508;Taare Zameen Par;15.473;['Drama'];"Ishaan Awasthi is an eight-year-old whose world is filled with wonders that no one else seems to appreciate. Colours, fish, dogs, and kites don't seem important to the adults, who are much more interested in things like homework, marks, and neatness. Ishaan cannot seem to get anything right in class; he is then sent to boarding school, where his life changes forever.";7.995;916;2007-12-21;28430000;2600000;None;hi;['Aamir Khan Productions', 'PVR Pictures']
142;103;Taxi Driver;44.462;['Crime', 'Drama'];A mentally unstable Vietnam War veteran works as a night-time taxi driver in New York City where the perceived decadence and sleaze feed his urge for violent action.;8.169;10092;1976-02-09;28570902;1300000;None;en;['Columbia Pictures', 'Italo/Judeo Productions', 'Bill/Phillips']
143;280;Terminator 2: Judgment Day;73.349;['Action', 'Thriller', 'Science Fiction'];Nearly 10 years have passed since Sarah Connor was targeted for termination by a cyborg from the future. Now her son, John, the future leader of the resistance, is the target for a newer, more deadly terminator. Once again, the resistance has managed to send a protector back to attempt to save John and his mother Sarah.;8.085;10904;1991-07-03;520000000;102000000;The Terminator Collection;en;['Carolco Pictures', 'TriStar Pictures', 'Lightstorm Entertainment', 'StudioCanal', 'Valhalla Motion Pictures']
144;284;The Apartment;23.144;['Comedy', 'Drama', 'Romance'];Bud Baxter is a minor clerk in a huge New York insurance company, until he discovers a quick way to climb the corporate ladder. He lends out his apartment to the executives as a place to take their mistresses. Although he often has to deal with the aftermath of their visits, one night he's left with a major problem to solve.;8.228;1841;1960-06-21;25000000;3000000;None;en;['The Mirisch Company']
145;74643;The Artist;13.145;['Drama', 'Comedy', 'Romance'];Hollywood, 1927: As silent movie star George Valentin wonders if the arrival of talking pictures will cause him to fade into oblivion, he sparks with Peppy Miller, a young dancer set for a big break.;7.44;2842;2011-10-12;133432856;15000000;None;fr;['France 3 Cinéma', 'La Petite Reine', 'Studio 37', 'uFilm', 'Jouror Productions', 'La Classe américaine', 'JD Prod']
146;24428;The Avengers;130.982;['Science Fiction', 'Action', 'Adventure'];When an unexpected enemy emerges and threatens global safety and security, Nick Fury, director of the international peacekeeping agency known as S.H.I.E.L.D., finds himself in need of a team to pull the world back from the brink of disaster. Spanning the globe, a daring recruitment effort begins!;7.708;27908;2012-04-25;1518815515;220000000;The Avengers Collection;en;['Marvel Studios']
147;887;The Best Years of Our Lives;13.584;['Drama', 'Romance', 'War'];It's the hope that sustains the spirit of every GI: the dream of the day when he will finally return home. For three WWII veterans, the day has arrived. But for each man, the dream is about to become a nightmare.;7.826;497;1946-12-25;23650000;2100000;None;en;['RKO Radio Pictures', 'Samuel Goldwyn Productions']
148;115;The Big Lebowski;25.767;['Comedy', 'Crime'];Jeffrey 'The Dude' Lebowski, a Los Angeles slacker who only wants to bowl and drink White Russians, is mistaken for another Jeffrey Lebowski, a wheelchair-bound millionaire, and finds himself dragged into a strange series of events involving nihilists, adult film producers, ferrets, errant toes, and large sums of money.;7.8;9755;1998-03-06;46969409;15000000;None;en;['Gramercy Pictures', 'PolyGram Filmed Entertainment', 'Working Title Films']
149;910;The Big Sleep;12.424;['Crime', 'Mystery', 'Thriller'];Private Investigator Philip Marlowe is hired by wealthy General Sternwood regarding a matter involving his youngest daughter Carmen. Before the complex case is over, Marlowe sees murder, blackmail, deception, and what might be love.;7.67;823;1946-08-23;4900000;1600000;None;en;['Warner Bros. Pictures']
150;2503;The Bourne Ultimatum;25.531;['Action', 'Drama', 'Mystery', 'Thriller'];Bourne is brought out of hiding once again by reporter Simon Ross who is trying to unveil Operation Blackbriar, an upgrade to Project Treadstone, in a series of newspaper columns. Information from the reporter stirs a new set of memories, and Bourne must finally uncover his dark past while dodging The Company's best efforts to eradicate him.;7.409;6732;2007-08-03;442824138;70000000;The Bourne Collection;en;['Universal Pictures', 'Studio Babelsberg', 'Peninsula Films', 'The Kennedy/Marshall Company', 'Ludlum Entertainment', 'Motion Picture BETA Produktionsgesellschaft', 'Bourne Again', 'KanZaman Services']
151;826;The Bridge on the River Kwai;17.269;['Drama', 'History', 'War'];The classic story of English POWs in Burma forced to build a bridge to aid the war effort of their Japanese captors. British and American intelligence officers conspire to blow up the structure, but Col. Nicholson , the commander who supervised the bridge's construction, has acquired a sense of pride in his creation and tries to foil their plans.;7.821;1685;1957-10-11;44908000;3000000;None;en;['Columbia Pictures', 'Horizon Pictures']
152;155;The Dark Knight;68.291;['Drama', 'Action', 'Crime', 'Thriller'];Batman raises the stakes in his war on crime. With the help of Lt. Jim Gordon and District Attorney Harvey Dent, Batman sets out to dismantle the remaining criminal organizations that plague the streets. The partnership proves to be effective, but they soon find themselves prey to a reign of chaos unleashed by a rising criminal mastermind known to the terrified citizens of Gotham as the Joker.;8.505;28775;2008-07-14;1004558444;185000000;The Dark Knight Collection;en;['Warner Bros. Pictures', 'DC Comics', 'Legendary Pictures', 'Syncopy', 'Isobel Griffiths']
153;11778;The Deer Hunter;19.932;['Drama', 'War'];A group of working-class friends decide to enlist in the Army during the Vietnam War and finds it to be hellish chaos -- not the noble venture they imagined. Before they left, Steven married his pregnant girlfriend -- and Michael and Nick were in love with the same woman. But all three are different men upon their return.;8.014;3127;1978-03-09;50000000;15000000;None;en;['Universal Pictures', 'EMI Films']
154;1422;The Departed;33.359;['Drama', 'Thriller', 'Crime'];To take down South Boston's Irish Mafia, the police send in one of their own to infiltrate the underworld, not realizing the syndicate has done likewise. While an undercover cop curries favor with the mob kingpin, a career criminal rises through the police ranks. But both sides soon discover there's a mole among them.;8.162;12967;2006-10-04;291465000;90000000;None;en;['Plan B Entertainment', 'Warner Bros. Pictures', 'Vertigo Entertainment', 'Media Asia Films', 'Initial Entertainment Group']
155;1955;The Elephant Man;20.88;['Drama', 'History'];"A Victorian surgeon rescues a heavily disfigured man being mistreated by his ""owner"" as a side-show freak. Behind his monstrous façade, there is revealed a person of great intelligence and sensitivity. Based on the true story of Joseph Merrick (called John Merrick in the film), a severely deformed man in 19th century London.";8.07;2862;1980-10-09;26010864;5000000;None;en;['Paramount', 'StudioCanal', 'Brooksfilms']
156;9552;The Exorcist;47.337;['Horror'];12-year-old Regan MacNeil begins to adapt an explicit new personality as strange events befall the local area of Georgetown. Her mother becomes torn between science and superstition in a desperate bid to save her daughter, and ultimately turns to her last hope: Father Damien Karras, a troubled priest who is struggling with his own faith.;7.724;6709;1973-12-26;441405644;15000000;The Exorcist Collection;en;['Warner Bros. Pictures', 'Hoya Productions']
157;961;The General;10.88;['Action', 'Adventure', 'Comedy', 'Drama', 'War'];During America’s Civil War, Union spies steal engineer Johnnie Gray's beloved locomotive, 'The General'—with Johnnie's lady love aboard an attached boxcar—and he single-handedly must do all in his power to both get The General back and to rescue Annabelle.;8.02;960;1926-12-25;1000000;750000;None;en;['Buster Keaton Productions', 'Joseph M. Schenck Productions']
158;238;The Godfather;128.893;['Drama', 'Crime'];Spanning the years 1945 to 1955, a chronicle of the fictional Italian-American Corleone crime family. When organized crime family patriarch, Vito Corleone barely survives an attempt on his life, his youngest son, Michael steps in to take care of the would-be killers, launching a campaign of bloody revenge.;8.715;17110;1972-03-14;245066411;6000000;The Godfather Collection;en;['Paramount', 'Alfran Productions']
159;962;The Gold Rush;9.782;['Adventure', 'Comedy', 'Drama'];A lone prospector ventures into Alaska looking for gold. He soon gets mixed up with some burly characters, falls in love with the beautiful Georgia, and tries to win her heart with his singular charm.;8.032;1273;1925-07-12;4000000;923000;None;en;['United Artists', 'Charles Chaplin Productions']
160;37247;The Graduate;24.75;['Comedy', 'Drama', 'Romance'];Benjamin, a recent college graduate very worried about his future, finds himself in a love triangle with an older woman and her daughter.;7.659;2776;1967-12-21;104945305;3000000;None;en;['AVCO Embassy Pictures', 'Lawrence Turman Films, Inc.']
161;596;The Grapes of Wrath;11.763;['Drama'];Tom Joad returns to his home after a jail sentence to find his family kicked out of their farm due to foreclosure. He catches up with them on his Uncle’s farm, and joins them the next day as they head for California and a new life... Hopefully.;7.8;777;1940-03-15;1591000;800000;None;en;['20th Century Fox']
162;914;The Great Dictator;22.432;['Comedy', 'War'];Dictator Adenoid Hynkel tries to expand his empire while a poor Jewish barber tries to avoid persecution from Hynkel's regime.;8.35;2779;1940-10-15;11000000;2000000;None;en;['United Artists', 'Roy Export Company Establishment']
163;5925;The Great Escape;21.054;['Adventure', 'Drama', 'History', 'Thriller', 'War'];The Nazis, exasperated at the number of escapes from their prison camps by a relatively small number of Allied prisoners, relocate them to a high-security 'escape-proof' camp to sit out the remainder of the war. Undaunted, the prisoners plan one of the most ambitious escape attempts of World War II. Based on a true story.;7.944;2101;1963-06-20;11744471;4000000;The Great Escape Collection;en;['United Artists', 'The Mirisch Company']
164;497;The Green Mile;70.427;['Fantasy', 'Drama', 'Crime'];A supernatural tale set on death row in a Southern prison, where gentle giant John Coffey possesses the mysterious power to heal people's ailments. When the cell block's head guard, Paul Edgecomb, recognizes Coffey's miraculous gift, he tries desperately to help stave off the condemned man's execution.;8.509;14748;1999-12-10;286801374;60000000;None;en;['Castle Rock Entertainment', 'Warner Bros. Pictures', 'Darkwoods Productions']
165;49051;The Hobbit: An Unexpected Journey;66.809;['Adventure', 'Fantasy', 'Action'];Bilbo Baggins, a hobbit enjoying his quiet life, is swept into an epic quest by Gandalf the Grey and thirteen dwarves who seek to reclaim their mountain home from Smaug, the dragon.;7.318;16531;2012-11-26;1021103568;250000000;The Hobbit Collection;en;['WingNut Films', 'New Line Cinema', 'Metro-Goldwyn-Mayer', 'Warner Bros. Pictures']
166;990;The Hustler;11.265;['Drama', 'Romance'];Fast Eddie Felson is a small-time pool hustler with a lot of talent but a self-destructive attitude. His bravado causes him to challenge the legendary Minnesota Fats to a high-stakes match.;7.7;777;1961-09-25;7600000;2000000;The Hustler Collection;en;['20th Century Fox', 'Rossen Films']
167;10098;The Kid;14.257;['Comedy', 'Drama'];A tramp cares for a boy after he's abandoned as a newborn by his mother. Later the mother has a change of heart and aches to be reunited with her son.;8.215;1695;1921-01-21;2500000;250000;None;en;['Charles Chaplin Productions']
168;247;The Killing;15.538;['Crime', 'Drama', 'Thriller'];Career criminal Johnny Clay recruits a sharpshooter, a crooked police officer, a bartender and a betting teller named George, among others, for one last job before he goes straight and gets married. But when George tells his restless wife about the scheme to steal millions from the racetrack where he works, she hatches a plot of her own.;7.684;1202;1956-06-06;0;320000;None;en;['United Artists', 'Harris-Kubrick Productions']
169;45269;The King's Speech;21.287;['Drama', 'History'];The King's Speech tells the story of the man who became King George VI, the father of Queen Elizabeth II. After his brother abdicates, George ('Bertie') reluctantly assumes the throne. Plagued by a dreaded stutter and considered unfit to be king, Bertie engages the help of an unorthodox speech therapist named Lionel Logue. Through a set of unexpected techniques, and as a result of an unlikely friendship, Bertie is able to find his voice and boldly lead the country into war.;7.737;7719;2010-11-26;414211549;15000000;None;en;['The Weinstein Company', 'UK Film Council', 'Bedlam Productions', 'See-Saw Films', 'Aegis Film Fund', 'FilmNation Entertainment', 'Momentum Pictures', 'Molinare Investment']
170;8587;The Lion King;108.914;['Family', 'Animation', 'Drama'];A young lion prince is cast out of his pride by his cruel uncle, who claims he killed his father. While the uncle rules with an iron paw, the prince grows up beyond the Savannah, living by a philosophy: No worries for the rest of your days. But when his past comes to haunt him, the young prince must decide his fate: Will he remain an outcast or face his demons and become what he needs to be?;8.259;16022;1994-06-23;763455561;45000000;The Lion King Collection;en;['Walt Disney Pictures', 'Walt Disney Feature Animation']
171;121;The Lord of the Rings: The Two Towers;79.568;['Adventure', 'Fantasy', 'Action'];Frodo and Sam are trekking to Mordor to destroy the One Ring of Power while Gimli, Legolas and Aragorn search for the orc-captured Merry and Pippin. All along, nefarious wizard Saruman awaits the Fellowship members at the Orthanc Tower in Isengard.;8.373;19069;2002-12-18;926287400;79000000;The Lord of the Rings Collection;en;['WingNut Films', 'New Line Cinema', 'The Saul Zaentz Company']
172;963;The Maltese Falcon;13.098;['Mystery', 'Crime', 'Thriller'];A private detective takes on a case that involves him with three eccentric criminals, a beautiful liar, and their quest for a priceless statuette.;7.768;1334;1941-10-18;1772000;375000;None;en;['Warner Bros. Pictures']
173;11697;The Man Who Shot Liberty Valance;12.496;['Western'];A senator, who became famous for killing a notorious outlaw, returns for the funeral of an old friend and tells the truth about his deed.;7.784;892;1962-04-15;8000000;3200000;None;en;['Paramount', 'John Ford Productions']
174;982;The Manchurian Candidate;9.192;['Thriller', 'Drama', 'Mystery'];Near the end of the Korean War, a platoon of U.S. soldiers is captured by communists and brainwashed. Following the war, the platoon is returned home, and Sergeant Raymond Shaw is lauded as a hero by the rest of his platoon. However, the platoon commander, Captain Bennett Marco, finds himself plagued by strange nightmares and soon races to uncover a terrible plot.;7.608;555;1962-10-01;7700000;2200000;None;en;['United Artists', 'MC Productions']
175;603;The Matrix;63.374;['Action', 'Science Fiction'];Set in the 22nd century, The Matrix tells the story of a computer hacker who joins a group of underground insurgents fighting the vast and powerful computers who now rule the earth.;8.195;22498;1999-03-30;463517383;63000000;The Matrix Collection;en;['Village Roadshow Pictures', 'Warner Bros. Pictures', 'Groucho II Film Partnership', 'Silver Pictures']
176;3112;The Night of the Hunter;13.439;['Crime', 'Drama', 'Thriller'];In the Deep South, a serial-killing preacher hunts two young children who know the whereabouts of a stash of money.;7.889;1253;1955-08-26;0;795000;None;en;['United Artists', 'Paul Gregory Productions']
177;423;The Pianist;38.571;['Drama', 'War'];"The true story of pianist Władysław Szpilman's experiences in Warsaw during the Nazi occupation. When the Jews of the city find themselves forced into a ghetto, Szpilman finds work playing in a café; and when his family is deported in 1942, he stays behind, works for a while as a laborer, and eventually goes into hiding in the ruins of the war-torn city.";8.381;7712;2002-09-17;120072577;35000000;None;en;['Canal+', 'Bac Films', 'Canal+ Polska', 'Heritage Films', 'Studio Babelsberg', 'Runteam', 'Agencja Produkcji Filmowej', 'FilmFernsehFonds Bayern', 'Filmboard Berlin-Brandenburg (FBB)', 'R.P. Productions', 'StudioCanal', 'FFA', 'TVP']
178;1124;The Prestige;29.228;['Drama', 'Mystery', 'Science Fiction'];A mysterious story of two magicians whose intense rivalry leads them on a life-long battle for supremacy -- full of obsession, deceit and jealousy with dangerous and deadly consequences.;8.201;13684;2006-10-19;109676311;40000000;None;en;['Newmarket Films', 'Warner Bros. Pictures', 'Touchstone Pictures', 'Syncopy']
179;2493;The Princess Bride;26.245;['Adventure', 'Family', 'Fantasy', 'Comedy', 'Romance'];In this enchantingly cracked fairy tale, the beautiful Princess Buttercup and the dashing Westley must overcome staggering odds to find happiness amid six-fingered swordsmen, murderous princes, Sicilians and rodents of unusual size. But even death can't stop these true lovebirds from triumphing.;7.67;3913;1987-09-25;30861665;16000000;None;en;['The Princess Bride Ltd.', 'Buttercup Films Ltd.', 'Act III Productions']
180;278;The Shawshank Redemption;80.189;['Drama', 'Crime'];Framed in the 1940s for the double murder of his wife and her lover, upstanding banker Andy Dufresne begins a new life at the Shawshank prison, where he puts his accounting skills to work for an amoral warden. During his long stretch in prison, Dufresne comes to be admired by the other inmates -- including an older prisoner named Red -- for his integrity and unquenchable sense of hope.;8.7;22888;1994-09-23;28341469;25000000;None;en;['Castle Rock Entertainment']
181;694;The Shining;41.839;['Horror', 'Thriller'];Jack Torrance accepts a caretaker job at the Overlook Hotel, where he, along with his wife Wendy and their son Danny, must live isolated from the rest of the world for the winter. But they aren't prepared for the madness that lurks within.;8.2;15173;1980-05-23;44781695;19000000;The Shining Collection;en;['Hawk Films', 'Warner Bros. Pictures', 'Producers Circle', 'Peregrine']
182;274;The Silence of the Lambs;9.724;['Crime', 'Drama', 'Thriller'];Clarice Starling is a top student at the FBI's training academy.  Jack Crawford wants Clarice to interview Dr. Hannibal Lecter, a brilliant psychiatrist who is also a violent psychopath, serving life behind bars for various acts of murder and cannibalism.  Crawford believes that Lecter may have insight into a case and that Starling, as an attractive young woman, may be just the bait to draw him out.;8.343;14010;1991-02-14;272742922;19000000;The Hannibal Lecter Collection;en;['Orion Pictures', 'Strong Heart/Demme Production']
183;745;The Sixth Sense;29.18;['Mystery', 'Thriller', 'Drama'];Following an unexpected tragedy, a child psychologist named Malcolm Crowe meets an nine year old boy named Cole Sear, who is hiding a dark secret.;7.94;10040;1999-08-06;672806292;40000000;None;en;['Spyglass Entertainment', 'The Kennedy/Marshall Company', 'Hollywood Pictures', 'Barry Mendel Productions']
184;9277;The Sting;16.314;['Comedy', 'Crime', 'Drama'];A novice con man teams up with an acknowledged master to avenge the murder of a mutual friend by pulling off the ultimate big con and swindling a fortune from a big-time mobster.;8.027;2128;1973-12-25;159616327;5500000;The Sting Collection;en;['Universal Pictures', 'Zanuck/Brown Productions']
185;218;The Terminator;52.05;['Action', 'Thriller', 'Science Fiction'];"In the post-apocalyptic future, reigning tyrannical supercomputers teleport a cyborg assassin known as the ""Terminator"" back to 1984 to kill Sarah Connor, whose unborn son is destined to lead insurgents against 21st century mechanical hegemony. Meanwhile, the human-resistance movement dispatches a lone warrior to safeguard Sarah. Can he stop the virtually indestructible killing machine?";7.633;11039;1984-10-26;78371200;6400000;The Terminator Collection;en;['Orion Pictures', 'Pacific Western', 'Hemdale Film', 'Cinema 84', 'Euro Film Funding']
186;1091;The Thing;33.745;['Horror', 'Mystery', 'Science Fiction'];A team of American scientists investigate the empty, destroyed base of their Norwegian counterparts in Antarctica, only to discover a terrifying life force that can take the form of its prey.;8.03;5709;1982-06-25;19629760;15000000;The Thing Collection;en;['Universal Pictures', 'Turman-Foster Company', 'Province of BC, Ministry of Tourism, Film Promotion Office']
187;1092;The Third Man;18.386;['Thriller', 'Mystery'];"In postwar Vienna, Austria, Holly Martins, a writer of pulp Westerns, arrives penniless as a guest of his childhood chum Harry Lime, only to learn he has died. Martins develops a conspiracy theory after learning of a ""third man"" present at the time of Harry's death, running into interference from British officer Major Calloway, and falling head-over-heels for Harry's grief-stricken lover, Anna.";7.991;1476;1949-08-31;1226098;0;None;en;['British Lion Films', 'London Films Productions']
188;3090;The Treasure of the Sierra Madre;15.641;['Adventure', 'Drama', 'Western'];Fred C. Dobbs and Bob Curtin, both down on their luck in Tampico, Mexico in 1925, meet up with a grizzled prospector named Howard and decide to join with him in search of gold in the wilds of central Mexico. Through enormous difficulties, they eventually succeed in finding gold, but bandits, the elements, and most especially greed threaten to turn their success into disaster.;8.022;951;1948-01-15;4307000;3800000;None;en;['Warner Bros. Pictures']
189;37165;The Truman Show;38.437;['Comedy', 'Drama'];Truman Burbank is the star of The Truman Show, a 24-hour-a-day reality TV show that broadcasts every aspect of his life without his knowledge. His entire life has been an unending soap opera for consumption by the rest of the world. And everyone he knows, including his wife and his best friend is really an actor, paid to be part of his life.;8.125;15559;1998-06-04;264118201;60000000;None;en;['Paramount', 'Scott Rudin Productions']
190;117;The Untouchables;23.46;['Crime', 'Drama', 'History', 'Thriller'];Young Treasury Agent Eliot Ness arrives in Chicago and is determined to take down Al Capone, but it's not going to be easy because Capone has the police in his pocket. Ness meets Jim Malone, a veteran patrolman and probably the most honorable one on the force. He asks Malone to help him get Capone, but Malone warns him that if he goes after Capone, he is going to war.;7.766;4829;1987-06-03;76270454;25000000;None;en;['Paramount']
191;629;The Usual Suspects;32.59;['Drama', 'Crime', 'Thriller'];Held in an L.A. interrogation room, Verbal Kint attempts to convince the feds that a mythic crime lord, Keyser Soze, not only exists, but was also responsible for drawing him and his four partners into a multi-million dollar heist that ended with an explosion in San Pedro harbor – leaving few survivors. Verbal lures his interrogators with an incredible story of the crime lord's almost supernatural prowess.;8.199;9008;1995-07-19;23341568;6000000;None;en;['Blue Parrot Productions', 'Bad Hat Harry Productions']
192;576;The Wild Bunch;11.545;['Adventure', 'Western'];"An aging group of outlaws look for one last big score as the ""traditional"" American West is disappearing around them.";7.658;961;1969-06-17;638641;6244087;None;en;['Warner Bros./Seven Arts']
193;630;The Wizard of Oz;51.398;['Adventure', 'Fantasy', 'Family'];Young Dorothy finds herself in a magical world where she makes friends with a lion, a scarecrow and a tin man as they make their way along the yellow brick road to talk with the Wizard and ask for the things they miss most in their lives. The Wicked Witch of the West is the only thing that could stop them.;7.587;4747;1939-08-15;33754967;2777000;Oz Collection;en;['Metro-Goldwyn-Mayer']
194;7345;There Will Be Blood;14.237;['Drama'];Ruthless silver miner, turned oil prospector, Daniel Plainview, moves to oil-rich California. Using his son to project a trustworthy, family-man image, Plainview cons local landowners into selling him their valuable properties for a pittance. However, local preacher Eli Sunday suspects Plainview's motives and intentions, starting a slow-burning feud that threatens both their lives.;8.097;5440;2007-12-26;77208711;25000000;None;en;['Miramax', 'Ghoulardi Film Company', 'Paramount Vantage']
195;595;To Kill a Mockingbird;18.348;['Drama'];Scout Finch, 6, and her older brother Jem live in sleepy Maycomb, Alabama, spending much of their time with their friend Dill and spying on their reclusive and mysterious neighbor, Boo Radley. When Atticus, their widowed father and a respected lawyer, defends a black man named Tom Robinson against fabricated rape charges, the trial and tangent events expose the children to evils of racism and stereotyping.;8.025;2184;1962-12-20;13129846;2000000;None;en;['Pakula-Mulligan', 'Brentwood Productions']
196;8392;Tonari no Totoro;46.797;['Fantasy', 'Animation', 'Family'];Two sisters move to the country with their father in order to be closer to their hospitalized mother, and discover the surrounding trees are inhabited by Totoros, magical spirits of the forest. When the youngest runs away from home, the older sister seeks help from the spirits to find her.;8.07;6534;1988-04-16;45000000;3700000;None;ja;['Tokuma Shoten', 'Studio Ghibli', 'Nibariki']
197;1480;Touch of Evil;14.628;['Crime', 'Thriller'];When a car bomb explodes on the American side of the U.S./Mexico border, Mexican drug enforcement agent Miguel Vargas begins his investigation, along with American police captain Hank Quinlan. When Vargas begins to suspect that Quinlan and his shady partner, Menzies, are planting evidence to frame an innocent man, his investigations into their possible corruption quickly put himself and his new bride, Susie, in jeopardy.;7.777;1176;1958-03-30;2247500;829000;None;en;['Universal International Pictures']
198;862;Toy Story;110.789;['Animation', 'Adventure', 'Family', 'Comedy'];Led by Woody, Andy's toys live happily in his room until Andy's birthday brings Buzz Lightyear onto the scene. Afraid of losing his place in Andy's heart, Woody plots against Buzz. But when circumstances separate Buzz and Woody from their owner, the duo eventually learns to put aside their differences.;7.965;16124;1995-10-30;373554033;30000000;Toy Story Collection;en;['Pixar']
199;627;Trainspotting;21.52;['Drama', 'Crime'];Heroin addict Mark Renton stumbles through bad ideas and sobriety attempts with his unreliable friends -- Sick Boy, Begbie, Spud and Tommy. He also has an underage girlfriend, Diane, along for the ride. After cleaning up and moving from Edinburgh to London, Mark finds he can't escape the life he left behind when Begbie shows up at his front door on the lam, and a scheming Sick Boy follows.;7.97;8525;1996-02-23;16491080;4000000;Trainspotting Collection;en;['Channel Four Films', 'Noel Gay Motion Picture Company', 'Figment Films', 'Film4 Productions']
200;110;Trois couleurs: Rouge;13.743;['Drama', 'Mystery', 'Romance'];Valentine, a student model in Geneva, struggles with a possessive boyfriend and a troubled family. When she runs over a dog, she discovers that its owner, a retired judge, is illegally wiretapping and eavesdropping on his neighbors' phone calls. Although Valentine is outraged, she develops a strange bond with the judge – and as the two become closer, she finds herself caught in the middle of events that could change her life.;7.963;1102;1994-05-12;0;0;Three Colors Collection;fr;['Miramax', 'Zespół Filmowy TOR', 'Le Studio Canal+', 'France 3 Cinéma', 'TSR']
